{
  "$schema": "./node_modules/@angular/cli/lib/config/schema.json",
  "project": {
    "name": "idle-ant"
  },
  "apps": [
    {
      "root": "src",
      "outDir": "dist",
      "assets": [
        "assets",
        "favicon.ico",
        "img",
        "changelog.txt",
        "iframe.html",
        { "glob": "clr-ui-dark.min.css", "input": "../node_modules/@clr/ui/", "output": "./" },
        { "glob": "theme.css", "input": "../node_modules/primeng/resources/themes/darkness/", "output": "./" }
      ],
      "index": "index.html",
      "main": "main.ts",
      "polyfills": "polyfills.ts",
      "test": "test.ts",
      "tsconfig": "tsconfig.app.json",
      "testTsconfig": "tsconfig.spec.json",
      "prefix": "app",
      "styles": [
        "../node_modules/primeng/resources/themes/start/theme.css",
        "../node_modules/primeng/resources/primeng.min.css",
        "../node_modules/@clr/icons/clr-icons.min.css",
        "../node_modules/@clr/ui/clr-ui.min.css",
        "../node_modules/ng2-toastr/bundles/ng2-toastr.min.css",
        "styles.scss"
      ],
      "scripts": [
        "../node_modules/mutationobserver-shim/dist/mutationobserver.min.js",
        "../node_modules/@webcomponents/custom-elements/custom-elements.min.js",
        "../node_modules/@clr/icons/clr-icons.min.js",
        "../node_modules/break_infinity.js/break_infinity.min.js",
        "../node_modules/swarm-numberformat/dist/swarm-numberformat.min.js",
        "../node_modules/lz-string/libs/lz-string.min.js"
      ],
      "environmentSource": "environments/environment.ts",
      "environments": {
        "dev": "environments/environment.ts",
        "prod": "environments/environment.prod.ts"
      }
    }
  ],
  "e2e": {
    "protractor": {
      "config": "./protractor.conf.js"
    }
  },
  "lint": [
    {
      "project": "src/tsconfig.app.json",
      "exclude": "**/node_modules/**"
    },
    {
      "project": "src/tsconfig.spec.json",
      "exclude": "**/node_modules/**"
    },
    {
      "project": "e2e/tsconfig.e2e.json",
      "exclude": "**/node_modules/**"
    }
  ],
  "test": {
    "karma": {
      "config": "./karma.conf.js"
    }
  },
  "defaults": {
    "styleExt": "scss",
    "component": {}
  }
}
